sgRNA_ID,sgRNA_seq,Gene,cut_site_NT,cut_site_AA,Domain
CTRL_001,TGGAAATATACATCATAAGA,POS_CTRL,-1,-1,Positive Control
CTRL_002,TGCCAACCTCCGACAAAGGT,POS_CTRL,-1,-1,Positive Control
CTRL_003,GTTGTGCGCGTGCTCGAAGG,POS_CTRL,-1,-1,Positive Control
CTRL_004,CTGACGTGTCTGAAATGAGT,NEG_CTRL,-1,-1,Negative Control
CTRL_005,ATTTCCCTACGGAGATATCC,NEG_CTRL,-1,-1,Negative Control
CTRL_006,ATCAAGTCAGGTTATGCGGG,NEG_CTRL,-1,-1,Negative Control
CTRL_007,GGATACCTGGGCCGACTTTC,NEG_CTRL,-1,-1,Negative Control
CTRL_008,CTCCGTTATGTGGCATGAGA,NEG_CTRL,-1,-1,Negative Control
CTRL_009,CGCAGGCTAGATGACACCAG,NEG_CTRL,-1,-1,Negative Control
CTRL_010,TTCGGAACTTACTCAGGGTA,NEG_CTRL,-1,-1,Negative Control
CTRL_012,ATAGGTCATCCACTGGGCGG,NEG_CTRL,-1,-1,Negative Control
CTRL_013,AAGCGGGCACACATGACAAG,NEG_CTRL,-1,-1,Negative Control
CTRL_014,CCGTGTTCCACAACTACCCT,NEG_CTRL,-1,-1,Negative Control
CTRL_015,GTAAAGAAGCGGAAAGGTCC,NEG_CTRL,-1,-1,Negative Control
CTRL_016,GCCTGCCCTAAACCCCGGAA,NEG_CTRL,-1,-1,Negative Control
CTRL_017,TACGTCATTAAGAGTTCAAC,NEG_CTRL,-1,-1,Negative Control
CTRL_018,CGATGGATCCCTAGTTCCTG,NEG_CTRL,-1,-1,Negative Control
CTRL_019,GCTGCGGCGAGATCACATAA,NEG_CTRL,-1,-1,Negative Control
CTRL_020,CGCGCACCACGGGCGCGCAC,NEG_CTRL,-1,-1,Negative Control
CTRL_021,CATTGTATGAACGCAATAGC,NEG_CTRL,-1,-1,Negative Control
CTRL_022,CAGAGCCTTGCGCAATTTTG,NEG_CTRL,-1,-1,Negative Control
CTRL_023,TGCAGGTCTAGGTCCCAAAG,NEG_CTRL,-1,-1,Negative Control
CTRL_024,CCATAAGGGACAGTTGACTG,NEG_CTRL,-1,-1,Negative Control
CTRL_025,GATGTGCGCATATGACAGCA,NEG_CTRL,-1,-1,Negative Control
CTRL_026,AGCAGGAATCCATCAGAACT,NEG_CTRL,-1,-1,Negative Control
CTRL_027,AACAGCTAGTGATTTACAAG,NEG_CTRL,-1,-1,Negative Control
CTRL_028,GTGATGCCAAAAATGCTGGA,NEG_CTRL,-1,-1,Negative Control
CTRL_029,AAAAGAGTCCAATCACACAG,NEG_CTRL,-1,-1,Negative Control
CTRL_030,AGTAAACAGGATGAAGACGT,NEG_CTRL,-1,-1,Negative Control
CTRL_031,CATCAATGTGAACAATATTG,NEG_CTRL,-1,-1,Negative Control
CTRL_032,GATGATGAGTAACCAGACGT,NEG_CTRL,-1,-1,Negative Control
CTRL_033,GTGCTATCTACTCTTGACTG,NEG_CTRL,-1,-1,Negative Control
CTRL_034,ATAACGATCATAAGACATGG,NEG_CTRL,-1,-1,Negative Control
CTRL_035,ATGACACATCATCTGAACTG,NEG_CTRL,-1,-1,Negative Control
CTRL_036,TGGTTGAATAGTGTAAAGGC,NEG_CTRL,-1,-1,Negative Control
CTRL_037,CTTCTAATGGTCTTCAACAG,NEG_CTRL,-1,-1,Negative Control
CTRL_038,AGCGAAAGCAAGGTCCAAGG,NEG_CTRL,-1,-1,Negative Control
CTRL_039,CTGTAGTAGACACCCTGAGT,NEG_CTRL,-1,-1,Negative Control
CTRL_040,GCTCAATCCATCAATTACAC,NEG_CTRL,-1,-1,Negative Control
CTRL_041,ACACAATCCAATGCAAATCG,NEG_CTRL,-1,-1,Negative Control
CTRL_042,CTCGTTTGAGCCAAACATCG,NEG_CTRL,-1,-1,Negative Control
CTRL_043,AGAAAGAAGAGGAACGTGTG,NEG_CTRL,-1,-1,Negative Control
CTRL_044,CTACCTGGAGATCTCCAAAG,NEG_CTRL,-1,-1,Negative Control
CTRL_045,TGATAACGAAGCATCCACAA,NEG_CTRL,-1,-1,Negative Control
CTRL_046,CAATGTTACAGACCAACATG,NEG_CTRL,-1,-1,Negative Control
CTRL_047,GTGGCTACTCAGTACTGTCA,NEG_CTRL,-1,-1,Negative Control
CTRL_048,CCCGACTAAGACAAACACAC,NEG_CTRL,-1,-1,Negative Control
CTRL_049,CAAATGCCATCATGCCAAGG,NEG_CTRL,-1,-1,Negative Control
CTRL_050,CATCATGAACCAAAGGACAC,NEG_CTRL,-1,-1,Negative Control
CTRL_051,CCAGAAAAGAGAAATTACGG,NEG_CTRL,-1,-1,Negative Control
CTRL_052,TTGAGCCATACATCCTCCAA,NEG_CTRL,-1,-1,Negative Control
CTRL_053,ACATGGGGGACTGTAAACGA,NEG_CTRL,-1,-1,Negative Control
CTRL_054,CTCAGACACACACCTCAATG,NEG_CTRL,-1,-1,Negative Control
CTRL_055,ATGATGGTGACATACCGGAG,NEG_CTRL,-1,-1,Negative Control
CTRL_056,GAAGTGATCCACAATACGGG,NEG_CTRL,-1,-1,Negative Control
CTRL_057,GAGCTGTGGGACAATGCTCG,NEG_CTRL,-1,-1,Negative Control
CTRL_058,AGGTGCTGCTCCAGACGATG,NEG_CTRL,-1,-1,Negative Control
CTRL_059,CTGCATTCGGATGACCACAG,NEG_CTRL,-1,-1,Negative Control
CTRL_060,GCTCCTGATCAACCTTTGCG,NEG_CTRL,-1,-1,Negative Control
CTRL_061,CATTTGGGGAACACAACTCG,NEG_CTRL,-1,-1,Negative Control
CTRL_062,TGAGGCTATTGTAACGTAAG,NEG_CTRL,-1,-1,Negative Control
CTRL_063,CTAGTAAGCAGGCACACCGT,NEG_CTRL,-1,-1,Negative Control
CTRL_064,GATACACCAAAACTCATGCT,NEG_CTRL,-1,-1,Negative Control
CTRL_065,GAAATCCCTCAGTCACAATG,NEG_CTRL,-1,-1,Negative Control
CTRL_066,CGTAAGACCATCTCATGGTG,NEG_CTRL,-1,-1,Negative Control
CTRL_067,TCATGGGACTCACCAACTCA,NEG_CTRL,-1,-1,Negative Control
CTRL_068,GGGTCAGGCAGTCCGCATAG,NEG_CTRL,-1,-1,Negative Control
CTRL_069,GAGGTGGGAGTCTGAACTGA,NEG_CTRL,-1,-1,Negative Control
CTRL_070,ACCCAGGAGCCAACACGACA,NEG_CTRL,-1,-1,Negative Control
CTRL_071,ATTGATGAAAGGGTCAACAC,NEG_CTRL,-1,-1,Negative Control
CTRL_072,AAACAGGGATGTGTCTACAC,NEG_CTRL,-1,-1,Negative Control
CTRL_073,CCATCGTCCGAGCTATACTG,NEG_CTRL,-1,-1,Negative Control
CTRL_074,CAAGAAGAGCTGGACAACAC,NEG_CTRL,-1,-1,Negative Control
CTRL_075,GCTGGCATGCGGCAACACGT,NEG_CTRL,-1,-1,Negative Control
CTRL_076,CATTGTTATGGCCTCCTCCG,NEG_CTRL,-1,-1,Negative Control
CTRL_077,GAAAACCTAAGCTAAGTGGT,NEG_CTRL,-1,-1,Negative Control
CTRL_078,CACGAGACCATATCTTTCAG,NEG_CTRL,-1,-1,Negative Control
CTRL_079,GAAACTGGGTCAAACGAAGG,NEG_CTRL,-1,-1,Negative Control
CTRL_080,ATAAGCCAGATACAAGACCG,NEG_CTRL,-1,-1,Negative Control
CTRL_081,ACATACCAAGCCCACGCCCA,NEG_CTRL,-1,-1,Negative Control
RBM39_001,GCTTGAGGCTCCTTACAAGA,RBM39,46.5,16,Undefined
RBM39_002,TTTTTTCTCACCTTCTTGTA,RBM39,45.5,15.5,Undefined
RBM39_003,TGATATTGAAGCAATGCTTG,RBM39,31.5,11,Undefined
RBM39_004,ACTTTTTGCTACGTTCTTCA,RBM39,86.5,29,Undefined
RBM39_005,AACAAGTTGAGCAGTGCCAA,RBM39,74.5,25,Undefined
RBM39_006,GCTACGTTCTTCATGGCCGT,RBM39,79.5,27,Undefined
RBM39_007,CATACTAAGGACTTCTGTAG,RBM39,284.5,95,Undefined
RBM39_008,ATAACTATAGTTACATACTA,RBM39,297.5,99.5,Undefined
RBM39_009,GTAGAAGCAAAGAGAGGCGA,RBM39,237.5,79.5,SR-rich
RBM39_010,AGTCGAGATCGAAGATTTAG,RBM39,272.5,91,Undefined
RBM39_011,TTCGATCTCGACTTCTTGAG,RBM39,251.5,84,SR-rich
RBM39_012,TTCTACTTCGCTTTCTTTCA,RBM39,209.5,70,SR-rich
RBM39_013,AGCGAAGTAGAAGCAAAGAG,RBM39,231.5,77.5,SR-rich
RBM39_014,ACGAAAGAGAAGCAAAAGTA,RBM39,154.5,52,SR-rich
RBM39_015,CAACCCAATCTTTCCTCGGA,RBM39,325.5,109,Undefined
RBM39_016,GTGCCATCCGAGGAAAGATT,RBM39,333.5,111.5,Undefined
RBM39_017,GAGGCAACCCAATCTTTCCT,RBM39,329.5,110,Undefined
RBM39_018,AGTGCCATCCGAGGAAAGAT,RBM39,332.5,111,Undefined
RBM39_019,GGCACTGTTAAATTTTGGTC,RBM39,304.5,102,Undefined
RBM39_020,TGCCTCATAGCATCAAATTA,RBM39,357.5,119.5,Undefined
RBM39_021,AAATTTAACAGTGCCATCCG,RBM39,323.5,108,Undefined
RBM39_022,AACCTTAATTTGATGCTATG,RBM39,348.5,116.5,Undefined
RBM39_023,CGGATGGCACTGTTAAATTT,RBM39,309.5,103.5,Undefined
RBM39_024,TTGTGTTTCCTTTTTAGCTC,RBM39,296.5,99,Undefined
RBM39_025,AAGAAGTAAACTACCTCACA,RBM39,413.5,138,Undefined
RBM39_026,AAAGAAGTAAACTACCTCAC,RBM39,414.5,138.5,Undefined
RBM39_027,TCTGAATGGACTTTTGCTTC,RBM39,379.5,127,Undefined
RBM39_028,TTCTGAATGGACTTTTGCTT,RBM39,380.5,127,Undefined
RBM39_029,GGGCTCTTGTCTTTTCTGAA,RBM39,393.5,131.5,Undefined
RBM39_030,GAAAAGACAAGAGCCCTGTG,RBM39,411.5,137.5,Undefined
RBM39_031,AAGAATTCGACCAAGGGATT,RBM39,502.5,168,RRM1
RBM39_032,TGGCGGCAAGAATTCGACCA,RBM39,495.5,165.5,RRM1
RBM39_033,TCAGGAGTTAAATTATCAAT,RBM39,426.5,142.5,Undefined
RBM39_034,AAAAACTCTTCCAAATCCCT,RBM39,501.5,167.5,RRM1
RBM39_035,TATTGATAATTTAACTCCTG,RBM39,439.5,147,Undefined
RBM39_036,GGCGGCAAGAATTCGACCAA,RBM39,496.5,166,RRM1
RBM39_037,GACAGTCTTCTGTATGCAGC,RBM39,475.5,159,RRM1
RBM39_038,GAAGAGTTTTTCTCTACAGT,RBM39,524.5,175,RRM1
RBM39_039,AGTCTTCTGTATGCAGCTGG,RBM39,478.5,160,RRM1
RBM39_040,GTTTTTCTCTACAGTAGGAA,RBM39,529.5,177,RRM1
RBM39_041,GTCCTTGCATCTCTTTCCTC,RBM39,444.5,148.5,Undefined
RBM39_042,CTCCTGAGGAAAGAGATGCA,RBM39,453.5,151.5,Undefined
RBM39_043,CTTTCTAGGTTCGAGATGTG,RBM39,543.5,181.5,RRM1
RBM39_044,AGCTCAGTGCCTCTAGCAAT,RBM39,629.5,210,RRM1
RBM39_045,AGAAATTCAAGACGTTCCAA,RBM39,578.5,193,RRM1
RBM39_046,CCAGTTAATCCTATTGCTAG,RBM39,627.5,209.5,RRM1
RBM39_047,TTCCAAAGGAATTGCTTATG,RBM39,592.5,198,RRM1
RBM39_048,CCTCTAGCAATAGGATTAAC,RBM39,638.5,213,RRM1
RBM39_049,CTCCACATAAGCAATTCCTT,RBM39,583.5,195,RRM1
RBM39_050,TTGGCACGCCTAAAACTCGT,RBM39,650.5,217,RRM1
RBM39_051,AGGCGTGCCAATCATAGTAC,RBM39,673.5,225,RRM1
RBM39_052,TTAACTGGCCAACGAGTTTT,RBM39,653.5,218,RRM1
RBM39_053,AATCATAGTACAGGCATCAC,RBM39,682.5,228,RRM1
RBM39_054,TGTGATGCCTGTACTATGAT,RBM39,669.5,223.5,RRM1
RBM39_055,GGACCTATGAGGCTTTATGT,RBM39,758.5,253,RRM2
RBM39_056,GAGCCCACATAAAGCCTCAT,RBM39,750.5,250.5,RRM2
RBM39_057,TGGACCTATGAGGCTTTATG,RBM39,757.5,253,RRM2
RBM39_058,ATAACTGAAGATATGCTTCG,RBM39,797.5,266,RRM2
RBM39_059,TAACTGAAGATATGCTTCGT,RBM39,798.5,266.5,RRM2
RBM39_060,AGGGAAGTGCTGGACCTATG,RBM39,747.5,249.5,RRM2
RBM39_061,CGTGGGATCTTTGAGCCTTT,RBM39,815.5,272,RRM2
RBM39_062,CCTGGACTTACTCTTCCAAA,RBM39,819.5,273.5,RRM2
RBM39_063,AAAAAACAGAGCTGCAGCAA,RBM39,709.5,237,Undefined
RBM39_064,AATGGCAAACAATTTACAAA,RBM39,727.5,243,Undefined
RBM39_065,AATTTACAAAAGGGAAGTGC,RBM39,737.5,246,Undefined
RBM39_066,ATGGCAAACAATTTACAAAA,RBM39,728.5,243,Undefined
RBM39_067,TTTCACTGTCCATCATCAGC,RBM39,842.5,281,RRM2
RBM39_068,TGAAAGTATCCAGCTGATGA,RBM39,844.5,282,RRM2
RBM39_069,CTGATGATGGACAGTGAAAC,RBM39,857.5,286,RRM2
RBM39_070,CAGTGAAACTGGTCGATCCA,RBM39,868.5,290,RRM2
RBM39_071,AGTGAAACTGGTCGATCCAA,RBM39,869.5,290,RRM2
RBM39_072,ACTGGTCGATCCAAGGGATA,RBM39,875.5,292,RRM2
RBM39_073,TGTAATAAATCCATATCCCT,RBM39,874.5,292,RRM2
RBM39_074,AAGGCTTTGGAACAACTTAA,RBM39,932.5,311,RRM2
RBM39_075,TGACTCAGAATGTGCCAAAA,RBM39,913.5,305,RRM2
RBM39_076,AAGTTGTTCCAAAGCCTTTT,RBM39,916.5,306,RRM2
RBM39_077,AACTGGTCGTCTTCAGTTAA,RBM39,1075.5,359,Undefined
RBM39_078,GCAGGAAGACCAATGAAAGT,RBM39,965.5,322,RRM2
RBM39_079,TTAATGGCAAGACTTGCAGA,RBM39,1091.5,364,Undefined
RBM39_080,AGAATGTGCCAAAAAGGCTT,RBM39,919.5,307,RRM2
RBM39_081,AGTGATGAACTGGAAAGGAC,RBM39,1037.5,346,Undefined
RBM39_082,CTTAATGGATTTGAACTAGC,RBM39,947.5,316,RRM2
RBM39_083,GTAACATGACCAACTTTCAT,RBM39,963.5,321.5,RRM2
RBM39_084,GTTAATGGCAAGACTTGCAG,RBM39,1090.5,364,Undefined
RBM39_085,TTCGAGTGCTAGTTCATTTT,RBM39,1012.5,338,Undefined
RBM39_086,ATTTTTGGACAGTGATGAAC,RBM39,1027.5,343,Undefined
RBM39_087,GGAATTGATTTGGGAACAAC,RBM39,1058.5,353,Undefined
RBM39_088,GAAAGGACTGGAATTGATTT,RBM39,1049.5,350,Undefined
RBM39_089,GGAAAGGACTGGAATTGATT,RBM39,1048.5,350,Undefined
RBM39_090,TGGACAGTGATGAACTGGAA,RBM39,1032.5,344.5,Undefined
RBM39_091,GACTATTCTTTTACAGGTAC,RBM39,1097.5,366,Undefined
RBM39_092,CATTTGGTGCTGTGGCAGGT,RBM39,1173.5,391.5,Undefined
RBM39_093,CAGCAAGCTCTACAGATGAG,RBM39,1142.5,381,Undefined
RBM39_094,TTGGCATTTGGTGCTGTGGC,RBM39,1169.5,390,Undefined
RBM39_095,TCTACAGATGAGTGGCTCTT,RBM39,1150.5,384,Undefined
RBM39_096,ATGAGTGGCTCTTTGGCATT,RBM39,1157.5,386,Undefined
RBM39_097,TGTAGAGCTTGCTGTGCTGC,RBM39,1122.5,374.5,Undefined
RBM39_098,CTCTTTGGCATTTGGTGCTG,RBM39,1165.5,389,Undefined
RBM39_099,AGAGCTTGCTGTGCTGCTGG,RBM39,1119.5,373.5,Undefined
RBM39_100,TCAACTCACCTTCAGTCTGC,RBM39,1217.5,406,Undefined
RBM39_101,CAACTCACCTTCAGTCTGCT,RBM39,1216.5,406,Undefined
RBM39_102,AGACTTTCCCAGCAGACTGA,RBM39,1220.5,407,Undefined
RBM39_103,AGTCCATTACTTACGTTTGA,RBM39,1304.5,435,Undefined
RBM39_104,AAGTCCATTACTTACGTTTG,RBM39,1305.5,435.5,Undefined
RBM39_105,TGGAAACATTGTGTTGCAAG,RBM39,1263.5,421.5,Undefined
RBM39_106,TGTTGCAAGTGGCTGAACAG,RBM39,1252.5,418,Undefined
RBM39_107,GGTTAAACATGTTAGAGAGT,RBM39,1283.5,428,Undefined
RBM39_108,AATCACATCATCCTTAATCT,RBM39,1336.5,446,RRM3
RBM39_109,TGGATGGGATACCGAGATTA,RBM39,1336.5,446,RRM3
RBM39_110,CAGAGAAGAAGAAGTTGGAT,RBM39,1321.5,441,Undefined
RBM39_111,TCTTACAGAGAAGAAGAAGT,RBM39,1316.5,439,Undefined
RBM39_112,TGTTGACAAAAATTCAGCTC,RBM39,1408.5,470,RRM3
RBM39_113,ACAGAGAAGAAGAAGTTGGA,RBM39,1320.5,440.5,Undefined
RBM39_114,GAAGAATGTAATAAACATGG,RBM39,1370.5,457,RRM3
RBM39_115,ATTGAAGAATGTAATAAACA,RBM39,1367.5,456,RRM3
RBM39_116,CAATAGCTGCAGCAATTGAT,RBM39,1439.5,480,RRM3
RBM39_117,GCAATAGCTGCAGCAATTGA,RBM39,1440.5,480.5,RRM3
RBM39_118,GCTGCTGTCAATGCATTGCA,RBM39,1472.5,491,RRM3
RBM39_119,CTGTCAATGCATTGCATGGC,RBM39,1476.5,492.5,RRM3
RBM39_120,TTGCATGGCAGGTGGTTTGC,RBM39,1487.5,496,RRM3
RBM39_121,TCAATGCATTGCATGGCAGG,RBM39,1479.5,493.5,RRM3
RBM39_122,TATGACAGCAACACAGCTAC,RBM39,1570.5,524,Undefined
RBM39_123,ATCTTCCTTCATCGTCTACT,RBM39,1584.5,528.5,Undefined
RBM39_124,TGGTTCCAAGTAGACGATGA,RBM39,1590.5,530.5,Undefined
RBM39_125,GGAAACAGGTTGTGGTAAGT,RBM39,1530.5,510.5,Undefined
RBM39_126,AGGTTGTGGTAAGTTGGAAG,RBM39,1524.5,508.5,RRM3
RBM39_127,CTGTCATAGAATCAGGAAAC,RBM39,1544.5,515,Undefined
RBM39_128,TAGAATCAGGAAACAGGTTG,RBM39,1538.5,513,Undefined
RBM39_129,TGTGTTGCTGTCATAGAATC,RBM39,1551.5,517.5,Undefined
